,USN,Student Name,"CALCULUS, LAPLACE TRANSFORM AND NUMERICAL TECHNIQUES: EEE STREAM (1BMATE201)","CALCULUS, LAPLACE TRANSFORM AND NUMERICAL TECHNIQUES: EEE STREAM (1BMATE201)","CALCULUS, LAPLACE TRANSFORM AND NUMERICAL TECHNIQUES: EEE STREAM (1BMATE201)","CALCULUS, LAPLACE TRANSFORM AND NUMERICAL TECHNIQUES: EEE STREAM (1BMATE201)",QUANTUM PHYSICS AND ELECTRONICS SENSORS (ECE STREAM) (1BPHEC202),QUANTUM PHYSICS AND ELECTRONICS SENSORS (ECE STREAM) (1BPHEC202),QUANTUM PHYSICS AND ELECTRONICS SENSORS (ECE STREAM) (1BPHEC202),QUANTUM PHYSICS AND ELECTRONICS SENSORS (ECE STREAM) (1BPHEC202),COMPUTER-AIDED ENGINEERING DRAWING FOR ECE STREAM (1BCEDEC203),COMPUTER-AIDED ENGINEERING DRAWING FOR ECE STREAM (1BCEDEC203),COMPUTER-AIDED ENGINEERING DRAWING FOR ECE STREAM (1BCEDEC203),COMPUTER-AIDED ENGINEERING DRAWING FOR ECE STREAM (1BCEDEC203),FUNDAMENTALS OF ELECTRONICS & COMMUNICATION ENGINEERING (1BECE205),FUNDAMENTALS OF ELECTRONICS & COMMUNICATION ENGINEERING (1BECE205),FUNDAMENTALS OF ELECTRONICS & COMMUNICATION ENGINEERING (1BECE205),FUNDAMENTALS OF ELECTRONICS & COMMUNICATION ENGINEERING (1BECE205),SOFT SKILLS (1BSKS206),SOFT SKILLS (1BSKS206),SOFT SKILLS (1BSKS206),SOFT SKILLS (1BSKS206),FUNDAMENTALS OF ELECTRONICS & COMMUNICATION ENGINEERING LAB (1BECEL207),FUNDAMENTALS OF ELECTRONICS & COMMUNICATION ENGINEERING LAB (1BECEL207),FUNDAMENTALS OF ELECTRONICS & COMMUNICATION ENGINEERING LAB (1BECEL207),FUNDAMENTALS OF ELECTRONICS & COMMUNICATION ENGINEERING LAB (1BECEL207),INTERDISCIPLINARY PROJECT BASED LEARNING (1BPRJ258),INTERDISCIPLINARY PROJECT BASED LEARNING (1BPRJ258),INTERDISCIPLINARY PROJECT BASED LEARNING (1BPRJ258),INTERDISCIPLINARY PROJECT BASED LEARNING (1BPRJ258),SAMSKRUTIKA KANNADA (1BKSK209),SAMSKRUTIKA KANNADA (1BKSK209),SAMSKRUTIKA KANNADA (1BKSK209),SAMSKRUTIKA KANNADA (1BKSK209),INTRODUCTION TO MECHANICAL ENGINEERING (1BESC204D),INTRODUCTION TO MECHANICAL ENGINEERING (1BESC204D),INTRODUCTION TO MECHANICAL ENGINEERING (1BESC204D),INTRODUCTION TO MECHANICAL ENGINEERING (1BESC204D),,,,
,,,Internal Marks,External Marks,Total,Result,Internal Marks,External Marks,Total,Result,Internal Marks,External Marks,Total,Result,Internal Marks,External Marks,Total,Result,Internal Marks,External Marks,Total,Result,Internal Marks,External Marks,Total,Result,Internal Marks,External Marks,Total,Result,Internal Marks,External Marks,Total,Result,Internal Marks,External Marks,Total,Result,,,,
0,1HC25EC001,AADHYA A,35,8,43,F,38,33,71,P,35,27,62,P,43,31,74,P,90,0,90,P,37,21,58,P,49,47,96,P,41,41,82,P,37,30,67,P,,,,
1,1HC25EC002,ADITHYA R,48,38,86,P,45,33,78,P,42,42,84,P,44,35,79,P,98,0,98,P,49,48,97,P,48,48,96,P,43,41,84,P,38,33,71,P,,,,
2,1HC25EC003,ADVIKA NAYANA GOWDA R,43,21,64,P,43,28,71,P,45,29,74,P,38,25,63,P,78,0,78,P,38,20,58,P,44,46,90,P,47,39,86,P,40,28,68,P,,,,
3,1HC25EC004,AKSHAY P,26,18,44,P,37,26,63,P,27,22,49,P,32,19,51,P,76,0,76,P,35,20,55,P,49,42,91,P,40,34,74,P,33,26,59,P,,,,
4,1HC25EC005,AMOGH BHAT M,45,26,71,P,47,43,90,P,47,43,90,P,42,40,82,P,84,0,84,P,50,42,92,P,45,48,93,P,42,35,77,P,40,27,67,P,,,,
5,1HC25EC006,ANU P N,43,29,72,P,42,30,72,P,49,48,97,P,40,20,60,P,70,0,70,P,46,42,88,P,48,48,96,P,46,41,87,P,46,38,84,P,,,,
6,1HC25EC007,ANVITHA PUJAR,34,29,63,P,37,31,68,P,41,32,73,P,36,37,73,P,88,0,88,P,36,38,74,P,44,47,91,P,41,26,67,P,38,35,73,P,,,,
7,1HC25EC008,BHARATH T B,33,7,40,F,35,21,56,P,35,19,54,P,33,18,51,P,84,0,84,P,30,20,50,P,46,41,87,P,42,37,79,P,27,21,48,P,,,,
8,1HC25EC009,BHARGAVI A,42,19,61,P,43,26,69,P,41,47,88,P,35,26,61,P,74,0,74,P,38,20,58,P,44,46,90,P,34,37,71,P,40,25,65,P,,,,
9,1HC25EC010,CHANDRASHEKAR S JAMADHAGNI,40,26,66,P,42,28,70,P,39,35,74,P,36,29,65,P,82,0,82,P,41,34,75,P,44,48,92,P,40,30,70,P,37,29,66,P,,,,
10,1HC25EC011,CHETHAN J J,41,13,54,F,39,34,73,P,45,47,92,P,36,31,67,P,84,0,84,P,35,26,61,P,43,46,89,P,42,30,72,P,38,32,70,P,,,,
11,1HC25EC012,CHINMAY G V,22,9,31,F,NE (3+23),NE,-,A,NE (0),NE,-,A,NE (13),NE,-,A,76,0,76,P,26,0,26,A,NE (0),NE,-,A,30,23,53,P,NE (14),NE,-,A,,,,
12,1HC25EC013,D HIMANSHU,48,47,95,P,50,37,87,P,44,44,88,P,46,29,75,P,88,0,88,P,48,28,76,P,47,40,87,P,37,41,78,P,36,20,56,P,,,,
13,1HC25EC014,DWARAKESH M N,37,23,60,P,42,24,66,P,42,26,68,P,36,19,55,P,82,0,82,P,35,25,60,P,46,46,92,P,44,39,83,P,32,25,57,P,,,,
14,1HC25EC015,G SNEHA KULKARNI,34,5,39,F,42,26,68,P,39,31,70,P,39,22,61,P,82,0,82,P,38,20,58,P,47,47,94,P,40,33,73,P,29,39,68,P,,,,
15,1HC25EC016,HARINI P,38,26,64,P,40,34,74,P,38,28,66,P,35,33,68,P,78,0,78,P,42,25,67,P,47,40,87,P,41,34,75,P,24,27,51,P,,,,
16,1HC25EC017,HARTHIK S,32,6,38,F,36,18,54,P,41,33,74,P,32,21,53,P,80,0,80,P,38,25,63,P,45,47,92,P,41,37,78,P,35,25,60,P,,,,
17,1HC25EC018,INCHARA NAGRAJ,29,9,38,F,35,12,47,F,33,20,53,P,29,11,40,F,78,0,78,P,35,25,60,P,45,45,90,P,36,29,65,P,32,28,60,P,,,,
18,1HC25EC019,KANCHANA B S,44,22,66,P,43,23,66,P,39,32,71,P,39,33,72,P,80,0,80,P,47,46,93,P,40,40,80,P,42,33,75,P,40,29,69,P,,,,
19,1HC25EC020,KARTIK GATTI,44,23,67,P,41,30,71,P,44,44,88,P,39,37,76,P,76,0,76,P,38,38,76,P,47,49,96,P,42,40,82,P,40,37,77,P,,,,
20,1HC25EC021,LAASYA B R,44,36,80,P,45,46,91,P,45,32,77,P,41,31,72,P,78,0,78,P,48,49,97,P,44,48,92,P,42,37,79,P,43,38,81,P,,,,
21,1HC25EC022,LIKHITHA B S,44,25,69,P,41,31,72,P,40,47,87,P,35,37,72,P,74,0,74,P,40,45,85,P,47,50,97,P,41,24,65,P,40,37,77,P,,,,
22,1HC25EC023,LIKITH S,24,0,24,A,34,18,52,P,22,0,22,A,27,0,27,A,66,0,66,P,33,0,33,A,49,0,49,A,37,0,37,A,31,0,31,A,,,,
23,1HC25EC024,M NAVYASREE,32,15,47,F,40,18,58,P,35,27,62,P,36,20,56,P,78,0,78,P,45,42,87,P,49,48,97,P,28,18,46,P,31,20,51,P,,,,
24,1HC25EC025,MADHUSUDHAN R,28,0,28,A,35,26,61,P,22,0,22,A,20,18,38,F,80,0,80,P,26,0,26,A,39,0,39,A,30,38,68,P,29,8,37,F,,,,
25,1HC25EC026,MAHENDRA N,31,18,49,P,34,13,47,F,34,36,70,P,31,27,58,P,80,0,80,P,35,42,77,P,47,47,94,P,30,34,64,P,29,20,49,P,,,,
26,1HC25EC027,MAHESH,NE (0),NE,-,A,NE (0),NE,-,A,NE (0),NE,-,A,NE (0),NE,-,A,0,0,0,X,NE (0),NE,-,A,NE (0),NE,-,A,NE (0),NE,-,A,NE (0),NE,-,A,,,,
27,1HC25EC028,MEHAK DANIYA,30,4,34,F,33,6,39,F,32,19,51,P,24,8,32,F,70,0,70,P,34,20,54,P,45,38,83,P,37,18,55,P,28,8,36,F,,,,
28,1HC25EC029,MITHUN S L,30,14,44,F,35,15,50,F,31,18,49,P,37,18,55,P,72,0,72,P,28,25,53,P,46,0,46,A,26,19,45,P,29,18,47,P,,,,
29,1HC25EC030,NAFHAT UL MEHEK,36,22,58,P,41,34,75,P,35,19,54,P,31,11,42,F,84,0,84,P,32,31,63,P,44,47,91,P,29,24,53,P,29,18,47,P,,,,
30,1HC25EC031,NAMRATHA R,38,19,57,P,45,37,82,P,43,24,67,P,37,32,69,P,86,0,86,P,42,33,75,P,47,47,94,P,43,33,76,P,42,31,73,P,,,,
31,1HC25EC032,NIKHIL SUBRAMANYA J,37,14,51,F,41,30,71,P,23,27,50,P,36,25,61,P,78,0,78,P,38,46,84,P,41,39,80,P,40,39,79,P,33,26,59,P,,,,
32,1HC25EC033,NISCHAL M,50,44,94,P,50,31,81,P,45,48,93,P,48,38,86,P,90,0,90,P,45,38,83,P,47,48,95,P,43,27,70,P,44,41,85,P,,,,
33,1HC25EC034,P C DEEPTHI,43,19,62,P,44,27,71,P,43,34,77,P,43,22,65,P,88,0,88,P,40,47,87,P,47,42,89,P,48,46,94,P,37,34,71,P,,,,
34,1HC25EC035,PRAVEENA DAS S,39,14,53,F,47,31,78,P,43,39,82,P,41,22,63,P,90,0,90,P,40,43,83,P,47,45,92,P,40,33,73,P,37,32,69,P,,,,
35,1HC25EC036,PRIYANKA PARASHURAM BHAJANTHRI,NE (0),NE,-,A,NE (0),NE,-,A,NE (0),NE,-,A,NE (0),NE,-,A,0,0,0,X,NE (0),NE,-,A,NE (0),NE,-,A,NE (0),NE,-,A,NE (0),NE,-,A,,,,
36,1HC25EC037,PUNEETH KUMAR P,30,21,51,P,39,31,70,P,29,18,47,P,36,18,54,P,82,0,82,P,45,40,85,P,46,46,92,P,30,37,67,P,23,10,33,F,,,,
37,1HC25EC038,R SHARANYA,35,19,54,P,38,28,66,P,39,44,83,P,38,26,64,P,76,0,76,P,47,37,84,P,44,47,91,P,36,38,74,P,33,30,63,P,,,,
38,1HC25EC039,RAGHAVENDRA SINGH K M,44,21,65,P,43,20,63,P,44,37,81,P,42,30,72,P,82,0,82,P,49,46,95,P,47,44,91,P,36,24,60,P,39,38,77,P,,,,
39,1HC25EC040,RAGHUNANDANA K S,45,38,83,P,40,37,77,P,43,45,88,P,46,26,72,P,86,0,86,P,45,49,94,P,47,48,95,P,45,41,86,P,39,26,65,P,,,,
40,1HC25EC041,RUTHU N RIYA,40,18,58,P,37,29,66,P,42,40,82,P,40,30,70,P,82,0,82,P,36,32,68,P,46,45,91,P,34,32,66,P,37,36,73,P,,,,
41,1HC25EC042,S HARSHAD,40,50,90,P,46,34,80,P,30,23,53,P,28,40,68,P,80,0,80,P,39,24,63,P,46,40,86,P,28,35,63,P,25,35,60,P,,,,
42,1HC25EC043,SAMANVITHA T,27,14,41,F,35,18,53,P,31,18,49,P,32,11,43,F,88,0,88,P,36,7,43,F,46,49,95,P,36,28,64,P,36,28,64,P,,,,
43,1HC25EC044,SHARAN B,22,2,24,F,35,12,47,F,34,19,53,P,21,12,33,F,84,0,84,P,30,0,30,F,44,47,91,P,30,19,49,P,25,18,43,P,,,,
44,1HC25EC045,SHASHANK G S,35,29,64,P,46,42,88,P,34,39,73,P,45,40,85,P,74,0,74,P,48,43,91,P,46,47,93,P,27,39,66,P,34,46,80,P,,,,
45,1HC25EC046,SHOBHITHA ANANDARAO PAWAR,35,18,53,P,42,22,64,P,39,38,77,P,41,26,67,P,66,0,66,P,38,23,61,P,44,47,91,P,38,34,72,P,30,33,63,P,,,,
46,1HC25EC047,SHREE PRIYA N,39,28,67,P,41,25,66,P,50,50,100,P,41,35,76,P,82,0,82,P,48,47,95,P,49,48,97,P,43,42,85,P,43,27,70,P,,,,
47,1HC25EC048,SHREYAS N,40,25,65,P,42,32,74,P,29,42,71,P,36,32,68,P,90,0,90,P,33,37,70,P,40,40,80,P,41,37,78,P,34,33,67,P,,,,
48,1HC25EC049,SHREYAS S BHARADWAJ,43,18,61,P,45,18,63,P,45,50,95,P,43,35,78,P,80,0,80,P,50,49,99,P,48,48,96,P,,,,,38,23,61,P,49,50,99,P
49,1HC25EC050,SIRI GOWRI K,41,21,62,P,41,34,75,P,29,42,71,P,28,26,54,P,80,0,80,P,33,32,65,P,46,38,84,P,40,33,73,P,35,34,69,P,,,,
50,1HC25EC051,SOURBH JYOTHIRMAY S,29,8,37,F,37,10,47,F,NE (8),NE,-,A,20,7,27,F,82,0,82,P,30,7,37,F,42,47,89,P,30,21,51,P,22,20,42,P,,,,
51,1HC25EC052,SRIVATSA M S,37,19,56,P,36,27,63,P,42,42,84,P,39,23,62,P,90,0,90,P,41,49,90,P,43,41,84,P,43,33,76,P,35,30,65,P,,,,
52,1HC25EC053,SUPRITHA S,49,35,84,P,50,45,95,P,45,46,91,P,47,32,79,P,86,0,86,P,38,46,84,P,47,47,94,P,44,39,83,P,40,41,81,P,,,,
53,1HC25EC054,TANISHK JITESH KUMAR,47,39,86,P,42,44,86,P,49,49,98,P,40,35,75,P,90,0,90,P,47,47,94,P,44,47,91,P,42,35,77,P,44,37,81,P,,,,
54,1HC25EC055,TRISHA,42,33,75,P,38,28,66,P,43,43,86,P,42,23,65,P,90,0,90,P,35,39,74,P,43,41,84,P,44,37,81,P,35,19,54,P,,,,
55,1HC25EC056,UJWAL H BHANDARI,30,9,39,F,38,18,56,P,36,32,68,P,32,21,53,P,76,0,76,P,28,25,53,P,47,48,95,P,25,38,63,P,22,33,55,P,,,,
56,1HC25EC057,V S SNEHA,44,34,78,P,42,31,73,P,49,42,91,P,34,24,58,P,88,0,88,P,37,40,77,P,44,46,90,P,44,30,74,P,38,33,71,P,,,,
57,1HC25EC058,VAMSHI M,36,14,50,F,40,19,59,P,39,22,61,P,37,23,60,P,80,0,80,P,44,49,93,P,44,42,86,P,44,37,81,P,38,34,72,P,,,,
58,1HC25EC059,VIVEK S RATHOD,22,18,40,P,40,18,58,P,42,37,79,P,32,21,53,P,80,0,80,P,30,25,55,P,44,48,92,P,35,19,54,P,25,27,52,P,,,,
59,1HC25EC060,YASHASWINI M,42,18,60,P,42,16,58,F,34,22,56,P,37,19,56,P,58,0,58,P,37,33,70,P,48,43,91,P,44,42,86,P,38,25,63,P,,,,
60,1HC25EC061,YASHWANTH S,35,20,55,P,39,29,68,P,28,40,68,P,40,33,73,P,82,0,82,P,44,48,92,P,47,39,86,P,41,34,75,P,33,31,64,P,,,,
61,1HC25EC062,YUVARAJ M,44,29,73,P,43,44,87,P,47,42,89,P,43,32,75,P,82,0,82,P,41,45,86,P,49,49,98,P,42,34,76,P,42,39,81,P,,,,
